address,id
address,uprn
address,paon_start
address,paon_end
address,paon_desc
address,saon_start
address,saon_end
address,saon_desc
address,street
address,locality
address,town
address,postcode
address,admin_area
address,country_code
address,deleted_date
address,created_by
address,last_modified_by
address,created_on
address,last_modified_on
address,version
address,olbs_key
address,olbs_type
admin_area_traffic_area,id
admin_area_traffic_area,traffic_area_id
admin_area_traffic_area,created_by
admin_area_traffic_area,last_modified_by
admin_area_traffic_area,created_on
admin_area_traffic_area,last_modified_on
admin_area_traffic_area,version
appeal,id
appeal,appeal_no
appeal,case_id
appeal,deadline_date
appeal,appeal_date
appeal,outline_ground
appeal,hearing_date
appeal,papers_due_date
appeal,papers_due_tc_date
appeal,comment
appeal,papers_sent_date
appeal,papers_sent_tc_date
appeal,decision_date
appeal,reason
appeal,outcome
appeal,withdrawn_date
appeal,dvsa_notified
appeal,created_by
appeal,last_modified_by
appeal,created_on
appeal,last_modified_on
appeal,version
appeal,olbs_key
appeal,olbs_type
application,id
application,licence_id
application,status
application,is_variation
application,variation_type
application,has_entered_reg
application,tot_auth_trailers
application,tot_auth_vehicles
application,tot_auth_hgv_vehicles
application,tot_auth_lgv_vehicles
application,tot_community_licences
application,psv_which_vehicle_sizes
application,licence_type
application,goods_or_psv
application,lgv_declaration_confirmation
application,vehicle_type
application,bankrupt
application,administration
application,disqualified
application,liquidation
application,receivership
application,insolvency_confirmation
application,insolvency_details
application,safety_confirmation
application,declaration_confirmation
application,financial_evidence_uploaded
application,received_date
application,target_completion_date
application,grant_authority
application,granted_date
application,refused_date
application,withdrawn_date
application,withdrawn_reason
application,prev_has_licence
application,prev_had_licence
application,prev_been_refused
application,prev_been_revoked
application,prev_been_at_pi
application,prev_been_disqualified_tc
application,prev_purchased_assets
application,override_ooo
application,prev_conviction
application,convictions_confirmation
application,psv_operate_small_vhl
application,psv_small_vhl_notes
application,psv_small_vhl_confirmation
application,psv_no_small_vhl_confirmation
application,psv_medium_vhl_confirmation
application,psv_medium_vhl_notes
application,psv_limousines
application,psv_no_limousine_confirmation
application,psv_only_limousines_confirmation
application,interim_start
application,interim_end
application,interim_auth_vehicles
application,interim_auth_hgv_vehicles
application,interim_auth_lgv_vehicles
application,interim_auth_trailers
application,interim_status
application,interim_reason
application,is_maintenance_suitable
application,auth_signature
application,ni_flag
application,applied_via
application,request_inspection
application,request_inspection_comment
application,request_inspection_delay
application,deleted_date
application,created_by
application,last_modified_by
application,created_on
application,last_modified_on
application,version
application,signature_type
application,digital_signature_id
application_completion,id
application_completion,application_id
application_completion,type_of_licence_status
application_completion,business_type_status
application_completion,business_details_status
application_completion,addresses_status
application_completion,people_status
application_completion,taxi_phv_status
application_completion,operating_centres_status
application_completion,financial_evidence_status
application_completion,transport_managers_status
application_completion,vehicles_status
application_completion,vehicles_psv_status
application_completion,vehicles_declarations_status
application_completion,discs_status
application_completion,community_licences_status
application_completion,safety_status
application_completion,conditions_undertakings_status
application_completion,financial_history_status
application_completion,licence_history_status
application_completion,convictions_penalties_status
application_completion,undertakings_status
application_completion,declarations_internal_status
application_completion,last_section
application_completion,created_by
application_completion,last_modified_by
application_completion,created_on
application_completion,last_modified_on
application_completion,version
application_operating_centre,id
application_operating_centre,application_id
application_operating_centre,operating_centre_id
application_operating_centre,action
application_operating_centre,ad_placed
application_operating_centre,ad_placed_in
application_operating_centre,ad_placed_date
application_operating_centre,publication_appropriate
application_operating_centre,permission
application_operating_centre,no_of_trailers_required
application_operating_centre,no_of_vehicles_required
application_operating_centre,vi_action
application_operating_centre,deleted_date
application_operating_centre,is_interim
application_operating_centre,s4_id
application_operating_centre,created_by
application_operating_centre,last_modified_by
application_operating_centre,created_on
application_operating_centre,last_modified_on
application_operating_centre,version
application_operating_centre,olbs_key
application_organisation_person,id
application_organisation_person,person_id
application_organisation_person,original_person_id
application_organisation_person,organisation_id
application_organisation_person,application_id
application_organisation_person,action
application_organisation_person,position
application_organisation_person,last_modified_by
application_organisation_person,created_by
application_organisation_person,last_modified_on
application_organisation_person,created_on
application_organisation_person,version
application_read_audit,id
application_read_audit,application_id
application_read_audit,user_id
application_read_audit,created_on
application_tracking,id
application_tracking,application_id
application_tracking,type_of_licence_status
application_tracking,business_type_status
application_tracking,business_details_status
application_tracking,addresses_status
application_tracking,people_status
application_tracking,taxi_phv_status
application_tracking,operating_centres_status
application_tracking,financial_evidence_status
application_tracking,transport_managers_status
application_tracking,vehicles_status
application_tracking,vehicles_psv_status
application_tracking,vehicles_declarations_status
application_tracking,discs_status
application_tracking,community_licences_status
application_tracking,safety_status
application_tracking,conditions_undertakings_status
application_tracking,financial_history_status
application_tracking,licence_history_status
application_tracking,convictions_penalties_status
application_tracking,declarations_internal_status
application_tracking,created_by
application_tracking,last_modified_by
application_tracking,created_on
application_tracking,last_modified_on
application_tracking,version
bus_notice_period,id
bus_notice_period,notice_area
bus_notice_period,standard_period
bus_notice_period,cancellation_period
bus_notice_period,created_by
bus_notice_period,last_modified_by
bus_notice_period,created_on
bus_notice_period,last_modified_on
bus_notice_period,version
bus_reg,id
bus_reg,parent_id
bus_reg,status
bus_reg,status_change_date
bus_reg,revert_status
bus_reg,licence_id
bus_reg,bus_notice_period_id
bus_reg,route_no
bus_reg,reg_no
bus_reg,service_no
bus_reg,start_point
bus_reg,finish_point
bus_reg,via
bus_reg,other_details
bus_reg,received_date
bus_reg,effective_date
bus_reg,end_date
bus_reg,is_short_notice
bus_reg,use_all_stops
bus_reg,has_manoeuvre
bus_reg,manoeuvre_detail
bus_reg,need_new_stop
bus_reg,new_stop_detail
bus_reg,has_not_fixed_stop
bus_reg,not_fixed_stop_detail
bus_reg,subsidised
bus_reg,subsidy_detail
bus_reg,timetable_acceptable
bus_reg,map_supplied
bus_reg,route_description
bus_reg,copied_to_la_pte
bus_reg,la_short_note
bus_reg,application_signed
bus_reg,variation_no
bus_reg,op_notified_la_pte
bus_reg,stopping_arrangements
bus_reg,trc_condition_checked
bus_reg,trc_notes
bus_reg,organisation_email
bus_reg,is_txc_app
bus_reg,ebsr_refresh
bus_reg,txc_app_type
bus_reg,reason_cancelled
bus_reg,reason_refused
bus_reg,reason_sn_refused
bus_reg,withdrawn_reason
bus_reg,short_notice_refused
bus_reg,is_quality_partnership
bus_reg,quality_partnership_details
bus_reg,quality_partnership_facilities_used
bus_reg,is_quality_contract
bus_reg,quality_contract_details
bus_reg,deleted_date
bus_reg,created_by
bus_reg,last_modified_by
bus_reg,created_on
bus_reg,last_modified_on
bus_reg,version
bus_reg,olbs_key
bus_reg_bus_service_type,bus_reg_id
bus_reg_bus_service_type,bus_service_type_id
bus_reg_bus_service_type,olbs_key
bus_reg_local_auth,bus_reg_id
bus_reg_local_auth,local_authority_id
bus_reg_local_auth,olbs_key
bus_reg_other_service,id
bus_reg_other_service,bus_reg_id
bus_reg_other_service,service_no
bus_reg_other_service,created_by
bus_reg_other_service,last_modified_by
bus_reg_other_service,created_on
bus_reg_other_service,last_modified_on
bus_reg_other_service,version
bus_reg_other_service,olbs_key
bus_reg_read_audit,id
bus_reg_read_audit,bus_reg_id
bus_reg_read_audit,user_id
bus_reg_read_audit,created_on
bus_reg_traffic_area,traffic_area_id
bus_reg_traffic_area,bus_reg_id
bus_reg_traffic_area,olbs_key
bus_reg_variation_reason,bus_reg_id
bus_reg_variation_reason,variation_reason_id
bus_reg_variation_reason,olbs_key
bus_reg_variation_reason,olbs_key2
bus_service_type,id
bus_service_type,description
bus_service_type,txc_name
bus_short_notice,id
bus_short_notice,bus_reg_id
bus_short_notice,bank_holiday_change
bus_short_notice,unforseen_change
bus_short_notice,unforseen_detail
bus_short_notice,timetable_change
bus_short_notice,timetable_detail
bus_short_notice,replacement_change
bus_short_notice,replacement_detail
bus_short_notice,holiday_change
bus_short_notice,holiday_detail
bus_short_notice,trc_change
bus_short_notice,trc_detail
bus_short_notice,police_change
bus_short_notice,police_detail
bus_short_notice,special_occasion_change
bus_short_notice,special_occasion_detail
bus_short_notice,connection_change
bus_short_notice,connection_detail
bus_short_notice,not_available_change
bus_short_notice,not_available_detail
bus_short_notice,created_by
bus_short_notice,last_modified_by
bus_short_notice,created_on
bus_short_notice,last_modified_on
bus_short_notice,version
bus_short_notice,olbs_key
cases,id
cases,case_type
cases,application_id
cases,transport_manager_id
cases,licence_id
cases,ecms_no
cases,open_date
cases,closed_date
cases,deleted_date
cases,description
cases,is_impounding
cases,annual_test_history
cases,prohibition_note
cases,penalties_note
cases,conviction_note
cases,created_by
cases,last_modified_by
cases,created_on
cases,last_modified_on
cases,version
cases,olbs_key
cases,olbs_type
cases_read_audit,id
cases_read_audit,case_id
cases_read_audit,user_id
cases_read_audit,created_on
case_category,case_id
case_category,category_id
case_outcome,cases_id
case_outcome,outcome_id
category,id
category,description
category,is_doc_category
category,is_task_category
category,is_scan_category
category,task_allocation_type
category,created_by
category,last_modified_by
category,created_on
category,last_modified_on
category,version
change_of_entity,id
change_of_entity,licence_id
change_of_entity,old_licence_no
change_of_entity,old_organisation_name
change_of_entity,created_by
change_of_entity,last_modified_by
change_of_entity,created_on
change_of_entity,last_modified_on
change_of_entity,deleted_date
change_of_entity,version
change_of_entity,olbs_key
community_lic,id
community_lic,licence_id
community_lic,status
community_lic,expired_date
community_lic,specified_date
community_lic,licence_expired_date
community_lic,issue_no
community_lic,serial_no
community_lic,serial_no_prefix
community_lic,created_by
community_lic,last_modified_by
community_lic,created_on
community_lic,last_modified_on
community_lic,version
community_lic,olbs_key
community_lic_suspension,id
community_lic_suspension,community_lic_id
community_lic_suspension,start_date
community_lic_suspension,end_date
community_lic_suspension,is_actioned
community_lic_suspension,deleted_date
community_lic_suspension,created_by
community_lic_suspension,last_modified_by
community_lic_suspension,created_on
community_lic_suspension,last_modified_on
community_lic_suspension,version
community_lic_suspension,olbs_key
community_lic_suspension_reason,id
community_lic_suspension_reason,community_lic_suspension_id
community_lic_suspension_reason,type_id
community_lic_suspension_reason,deleted_date
community_lic_suspension_reason,created_by
community_lic_suspension_reason,last_modified_by
community_lic_suspension_reason,created_on
community_lic_suspension_reason,last_modified_on
community_lic_suspension_reason,version
community_lic_suspension_reason,olbs_key
community_lic_withdrawal,id
community_lic_withdrawal,community_lic_id
community_lic_withdrawal,start_date
community_lic_withdrawal,end_date
community_lic_withdrawal,deleted_date
community_lic_withdrawal,created_by
community_lic_withdrawal,last_modified_by
community_lic_withdrawal,created_on
community_lic_withdrawal,last_modified_on
community_lic_withdrawal,version
community_lic_withdrawal,olbs_key
community_lic_withdrawal_reason,id
community_lic_withdrawal_reason,community_lic_withdrawal_id
community_lic_withdrawal_reason,type_id
community_lic_withdrawal_reason,deleted_date
community_lic_withdrawal_reason,created_by
community_lic_withdrawal_reason,last_modified_by
community_lic_withdrawal_reason,created_on
community_lic_withdrawal_reason,last_modified_on
community_lic_withdrawal_reason,version
community_lic_withdrawal_reason,olbs_key
companies_house_alert,id
companies_house_alert,company_or_llp_no
companies_house_alert,organisation_id
companies_house_alert,is_closed
companies_house_alert,created_by
companies_house_alert,last_modified_by
companies_house_alert,created_on
companies_house_alert,last_modified_on
companies_house_alert,version
companies_house_alert_reason,id
companies_house_alert_reason,companies_house_alert_id
companies_house_alert_reason,reason_type
companies_house_alert_reason,version
companies_house_company,id
companies_house_company,company_number
companies_house_company,company_name
companies_house_company,company_status
companies_house_company,address_line_1
companies_house_company,address_line_2
companies_house_company,country
companies_house_company,locality
companies_house_company,po_box
companies_house_company,postal_code
companies_house_company,premises
companies_house_company,region
companies_house_company,insolvency_processed
companies_house_company,created_on
companies_house_company,last_modified_on
companies_house_company,version
companies_house_insolvency_practitioner,id
companies_house_insolvency_practitioner,companies_house_company_id
companies_house_insolvency_practitioner,name
companies_house_insolvency_practitioner,address_line_1
companies_house_insolvency_practitioner,address_line_2
companies_house_insolvency_practitioner,country
companies_house_insolvency_practitioner,locality
companies_house_insolvency_practitioner,postal_code
companies_house_insolvency_practitioner,region
companies_house_insolvency_practitioner,appointed_on
companies_house_insolvency_practitioner,created_on
companies_house_insolvency_practitioner,last_modified_on
companies_house_insolvency_practitioner,version
companies_house_officer,id
companies_house_officer,companies_house_company_id
companies_house_officer,name
companies_house_officer,role
companies_house_officer,date_of_birth
companies_house_officer,created_on
companies_house_officer,last_modified_on
companies_house_officer,version
company_subsidiary,id
company_subsidiary,licence_id
company_subsidiary,name
company_subsidiary,company_no
company_subsidiary,created_by
company_subsidiary,last_modified_by
company_subsidiary,created_on
company_subsidiary,last_modified_on
company_subsidiary,version
company_subsidiary,olbs_key
company_subsidiary,deleted_date
complaint,id
complaint,is_compliance
complaint,case_id
complaint,complainant_contact_details_id
complaint,complaint_date
complaint,status
complaint,description
complaint,complaint_type
complaint,vrm
complaint,driver_forename
complaint,driver_family_name
complaint,closed_date
complaint,deleted_date
complaint,created_by
complaint,last_modified_by
complaint,created_on
complaint,last_modified_on
complaint,version
complaint,olbs_key
condition_undertaking,id
condition_undertaking,application_id
condition_undertaking,licence_id
condition_undertaking,operating_centre_id
condition_undertaking,case_id
condition_undertaking,lic_condition_variation_id
condition_undertaking,condition_type
condition_undertaking,condition_category
condition_undertaking,s4_id
condition_undertaking,added_via
condition_undertaking,action
condition_undertaking,attached_to
condition_undertaking,is_draft
condition_undertaking,is_fulfilled
condition_undertaking,approval_user_id
condition_undertaking,notes
condition_undertaking,deleted_date
condition_undertaking,created_by
condition_undertaking,last_modified_by
condition_undertaking,created_on
condition_undertaking,last_modified_on
condition_undertaking,version
condition_undertaking,olbs_key
condition_undertaking,olbs_type
contact_details,id
contact_details,contact_type
contact_details,email_address
contact_details,fao
contact_details,description
contact_details,address_id
contact_details,person_id
contact_details,written_permission_to_engage
contact_details,deleted_date
contact_details,created_by
contact_details,last_modified_by
contact_details,created_on
contact_details,last_modified_on
contact_details,version
contact_details,olbs_key
contact_details,olbs_type
continuation,id
continuation,month
continuation,year
continuation,traffic_area_id
continuation,created_by
continuation,created_on
continuation,version
continuation_detail,id
continuation_detail,continuation_id
continuation_detail,licence_id
continuation_detail,checklist_document_id
continuation_detail,received
continuation_detail,status
continuation_detail,tot_auth_vehicles
continuation_detail,tot_psv_discs
continuation_detail,tot_community_licences
continuation_detail,average_balance_amount
continuation_detail,has_overdraft
continuation_detail,overdraft_amount
continuation_detail,has_factoring
continuation_detail,factoring_amount
continuation_detail,has_other_finances
continuation_detail,other_finances_amount
continuation_detail,other_finances_details
continuation_detail,financial_evidence_uploaded
continuation_detail,is_digital
continuation_detail,signature_type
continuation_detail,digital_signature_id
continuation_detail,digital_notification_sent
continuation_detail,digital_reminder_sent
continuation_detail,created_by
continuation_detail,last_modified_by
continuation_detail,created_on
continuation_detail,last_modified_on
continuation_detail,version
conviction,id
conviction,defendant_type
conviction,case_id
conviction,offence_date
conviction,conviction_date
conviction,court
conviction,penalty
conviction,costs
conviction,msi
conviction,is_dealt_with
conviction,is_declared
conviction,birth_date
conviction,person_firstname
conviction,person_lastname
conviction,notes
conviction,taken_into_consideration
conviction,category_text
conviction,conviction_category
conviction,transport_manager_id
conviction,operator_name
conviction,deleted_date
conviction,created_by
conviction,last_modified_by
conviction,created_on
conviction,last_modified_on
conviction,version
conviction,olbs_key
correspondence_inbox,id
correspondence_inbox,archived
correspondence_inbox,accessed
correspondence_inbox,email_reminder_sent
correspondence_inbox,printed
correspondence_inbox,document_id
correspondence_inbox,licence_id
correspondence_inbox,created_by
correspondence_inbox,last_modified_by
correspondence_inbox,created_on
correspondence_inbox,last_modified_on
correspondence_inbox,version
correspondence_inbox,olbs_key
country,id
country,country_desc
country,is_member_state
country,is_permit_state
country,is_ecmt_state
country,is_eea_state
country,created_by
country,last_modified_by
country,created_on
country,last_modified_on
country,version
DATABASECHANGELOG,ID
DATABASECHANGELOG,AUTHOR
DATABASECHANGELOG,FILENAME
DATABASECHANGELOG,DATEEXECUTED
DATABASECHANGELOG,ORDEREXECUTED
DATABASECHANGELOG,EXECTYPE
DATABASECHANGELOG,MD5SUM
DATABASECHANGELOG,DESCRIPTION
DATABASECHANGELOG,COMMENTS
DATABASECHANGELOG,TAG
DATABASECHANGELOG,LIQUIBASE
DATABASECHANGELOG,CONTEXTS
DATABASECHANGELOG,LABELS
DATABASECHANGELOG,DEPLOYMENT_ID
DATABASECHANGELOGLOCK,ID
DATABASECHANGELOGLOCK,LOCKED
DATABASECHANGELOGLOCK,LOCKGRANTED
DATABASECHANGELOGLOCK,LOCKEDBY
data_retention,id
data_retention,entity_name
data_retention,entity_pk
data_retention,organisation_name
data_retention,organisation_id
data_retention,licence_id
data_retention,lic_no
data_retention,goods_or_psv
data_retention,data_retention_rule_id
data_retention,action_confirmation
data_retention,next_review_date
data_retention,actioned_date
data_retention,deleted_date
data_retention,created_by
data_retention,last_modified_by
data_retention,created_on
data_retention,last_modified_on
data_retention,assigned_to
data_retention_rule,id
data_retention_rule,description
data_retention_rule,retention_period
data_retention_rule,max_data_set
data_retention_rule,is_enabled
data_retention_rule,is_custom_rule
data_retention_rule,action_type
data_retention_rule,populate_procedure
data_retention_rule,custom_procedure
data_retention_rule,deleted_date
data_retention_rule,created_by
data_retention_rule,last_modified_by
data_retention_rule,created_on
data_retention_rule,last_modified_on
decision,id
decision,goods_or_psv
decision,section_code
decision,description
decision,is_read_only
decision,is_ni
decision,deleted_date
decision,created_by
decision,last_modified_by
decision,created_on
decision,last_modified_on
decision,version
digital_signature,id
digital_signature,attributes
digital_signature,saml_response
digital_signature,created_by
digital_signature,last_modified_by
digital_signature,created_on
digital_signature,last_modified_on
digital_signature,version
disc_sequence,id
disc_sequence,goods_or_psv
disc_sequence,restricted
disc_sequence,special_restricted
disc_sequence,standard_national
disc_sequence,standard_international
disc_sequence,r_prefix
disc_sequence,sr_prefix
disc_sequence,sn_prefix
disc_sequence,si_prefix
disc_sequence,traffic_area_id
disc_sequence,is_self_serve
disc_sequence,is_ni_self_serve
disc_sequence,created_by
disc_sequence,last_modified_by
disc_sequence,created_on
disc_sequence,last_modified_on
disc_sequence,version
disqualification,id
disqualification,is_disqualified
disqualification,start_date
disqualification,notes
disqualification,period
disqualification,organisation_id
disqualification,person_id
disqualification,created_by
disqualification,last_modified_by
disqualification,created_on
disqualification,last_modified_on
disqualification,version
disqualification,olbs_key
disqualification,olbs_type
document,id
document,document_store_id
document,description
document,traffic_area_id
document,category_id
document,sub_category_id
document,licence_id
document,application_id
document,case_id
document,transport_manager_id
document,surrender_id
document,operating_centre_id
document,bus_reg_id
document,irfo_organisation_id
document,submission_id
document,statement_id
document,continuation_detail_id
document,issued_date
document,filename
document,metadata
document,deleted_date
document,is_external
document,is_scan
document,size
document,is_post_submission_upload
document,created_by
document,last_modified_by
document,created_on
document,last_modified_on
document,version
document,olbs_key
document,olbs_type
document,messaging_conversation_id
document,messaging_message_id
document_to_delete,id
document_to_delete,document_store_id
document_to_delete,document_id
document_to_delete,attempts
document_to_delete,process_after_date
document_to_delete,created_on
doc_bookmark,id
doc_bookmark,name
doc_bookmark,description
doc_bookmark,created_by
doc_bookmark,last_modified_by
doc_bookmark,created_on
doc_bookmark,last_modified_on
doc_bookmark,version
doc_paragraph,id
doc_paragraph,para_title
doc_paragraph,para_text
doc_paragraph,created_by
doc_paragraph,last_modified_by
doc_paragraph,created_on
doc_paragraph,last_modified_on
doc_paragraph,version
doc_paragraph_bookmark,id
doc_paragraph_bookmark,doc_bookmark_id
doc_paragraph_bookmark,doc_paragraph_id
doc_paragraph_bookmark,created_by
doc_paragraph_bookmark,last_modified_by
doc_paragraph_bookmark,created_on
doc_paragraph_bookmark,last_modified_on
doc_paragraph_bookmark,version
doc_template,id
doc_template,category_id
doc_template,sub_category_id
doc_template,description
doc_template,document_id
doc_template,is_ni
doc_template,suppress_from_op
doc_template,template_slug
doc_template,deleted_date
doc_template,created_by
doc_template,last_modified_by
doc_template,created_on
doc_template,last_modified_on
doc_template,version
doc_template_bookmark,id
doc_template_bookmark,doc_template_id
doc_template_bookmark,doc_bookmark_id
doc_template_bookmark,created_by
doc_template_bookmark,last_modified_by
doc_template_bookmark,created_on
doc_template_bookmark,last_modified_on
doc_template_bookmark,version
DR_TABLE_COUNTS,tablename
DR_TABLE_COUNTS,rowcount
DR_TABLE_COUNTS,created
DR_EXPECTED_DELETES,tablename
DR_EXPECTED_DELETES,primarykey
DR_EXPECTED_DELETES,created
DR_EXPECTED_NULLS,tablename
DR_EXPECTED_NULLS,primarykey
DR_EXPECTED_NULLS,fk_col
DR_EXPECTED_NULLS,created
ebsr_route_reprint,id
ebsr_route_reprint,exception_name
ebsr_route_reprint,scale
ebsr_route_reprint,published_timestamp
ebsr_route_reprint,requested_timestamp
ebsr_route_reprint,bus_reg_id
ebsr_route_reprint,requested_user_id
ebsr_route_reprint,olbs_key
ebsr_submission,id
ebsr_submission,ebsr_submission_status_id
ebsr_submission,ebsr_submission_type_id
ebsr_submission,document_id
ebsr_submission,submitted_date
ebsr_submission,licence_no
ebsr_submission,organisation_email_address
ebsr_submission,application_classification
ebsr_submission,variation_no
ebsr_submission,registration_no
ebsr_submission,validation_start
ebsr_submission,validation_end
ebsr_submission,publish_start
ebsr_submission,publish_end
ebsr_submission,process_start
ebsr_submission,process_end
ebsr_submission,bus_reg_id
ebsr_submission,ebsr_submission_result
ebsr_submission,distribute_start
ebsr_submission,distribute_end
ebsr_submission,distribute_expire
ebsr_submission,is_from_ftp
ebsr_submission,organisation_id
ebsr_submission,deleted_date
ebsr_submission,version
ebsr_submission,olbs_key
enforcement_area,id
enforcement_area,name
enforcement_area,email_address
enforcement_area,created_by
enforcement_area,last_modified_by
enforcement_area,created_on
enforcement_area,last_modified_on
enforcement_area,version
erru_request,id
erru_request,case_id
erru_request,request_document_id
erru_request,response_document_id
erru_request,originating_authority
erru_request,member_state_code
erru_request,transport_undertaking_name
erru_request,vrm
erru_request,msi_type
erru_request,notification_number
erru_request,workflow_id
erru_request,response_user_id
erru_request,response_time
erru_request,deleted_date
erru_request,created_by
erru_request,last_modified_by
erru_request,created_on
erru_request,last_modified_on
erru_request,version
erru_request_failure,id
erru_request_failure,document_id
erru_request_failure,input
erru_request_failure,errors
erru_request_failure,created_by
erru_request_failure,last_modified_by
erru_request_failure,created_on
erru_request_failure,last_modified_on
erru_request_failure,version
event_history,id
event_history,event_history_type_id
event_history,user_id
event_history,licence_id
event_history,application_id
event_history,transport_manager_id
event_history,organisation_id
event_history,case_id
event_history,bus_reg_id
event_history,account_id
event_history,task_id
event_history,irhp_application_id
event_history,change_made_by
event_history,member_of_organisation
event_history,event_datetime
event_history,entity_type
event_history,entity_pk
event_history,entity_version
event_history,event_data
event_history,olbs_key
event_history,olbs_type
event_history_type,id
event_history_type,event_code
event_history_type,description
ext_translations,id
ext_translations,locale
ext_translations,object_class
ext_translations,field
ext_translations,foreign_key
ext_translations,content
fee,id
fee,fee_type_id
fee,fee_status
fee,parent_fee_id
fee,application_id
fee,bus_reg_id
fee,licence_id
fee,task_id
fee,net_amount
fee,gross_amount
fee,vat_amount
fee,invoice_line_no
fee,invoiced_date
fee,description
fee,irfo_fee_exempt
fee,irfo_gv_permit_id
fee,irfo_psv_auth_id
fee,created_by
fee,last_modified_by
fee,created_on
fee,last_modified_on
fee,version
fee_txn,id
fee_txn,fee_id
fee_txn,txn_id
fee_txn,reversed_fee_txn_id
fee_txn,amount
fee_txn,created_by
fee_txn,last_modified_by
fee_txn,created_on
fee_txn,last_modified_on
fee_txn,version
fee_type,id
fee_type,irfo_fee_type
fee_type,fee_type
fee_type,effective_from
fee_type,description
fee_type,accrual_rule
fee_type,fixed_value
fee_type,annual_value
fee_type,five_year_value
fee_type,vat_code
fee_type,vat_rate
fee_type,traffic_area_id
fee_type,licence_type
fee_type,goods_or_psv
fee_type,expire_fee_with_licence
fee_type,is_miscellaneous
fee_type,cost_centre_ref
fee_type,product_reference
fee_type,is_ni
fee_type,is_visible_in_internal
fee_type,created_by
fee_type,last_modified_by
fee_type,created_on
fee_type,last_modified_on
fee_type,version
financial_standing_rate,id
financial_standing_rate,licence_type
financial_standing_rate,goods_or_psv
financial_standing_rate,vehicle_type
financial_standing_rate,additional_vehicle_rate
financial_standing_rate,first_vehicle_rate
financial_standing_rate,deleted_date
financial_standing_rate,effective_from
financial_standing_rate,created_by
financial_standing_rate,last_modified_by
financial_standing_rate,created_on
financial_standing_rate,last_modified_on
financial_standing_rate,version
goods_disc,id
goods_disc,licence_vehicle_id
goods_disc,disc_no
goods_disc,issued_date
goods_disc,ceased_date
goods_disc,is_copy
goods_disc,is_interim
goods_disc,reprint_required
goods_disc,is_printing
goods_disc,created_by
goods_disc,last_modified_by
goods_disc,created_on
goods_disc,last_modified_on
goods_disc,version
goods_disc,olbs_key
grace_period,id
grace_period,licence_id
grace_period,description
grace_period,start_date
grace_period,end_date
grace_period,created_by
grace_period,last_modified_by
grace_period,created_on
grace_period,last_modified_on
grace_period,version
grace_period,olbs_key
hearing,id
hearing,case_id
hearing,venue_id
hearing,venue_other
hearing,presiding_tc_id
hearing,presiding_staff_name
hearing,hearing_type
hearing,hearing_date
hearing,agreed_by_tc_date
hearing,witness_count
hearing,outcome
hearing,deleted_date
hearing,created_by
hearing,last_modified_by
hearing,created_on
hearing,last_modified_on
hearing,version
hearing,olbs_key
hearing,olbs_type
impounding,id
impounding,impounding_type
impounding,case_id
impounding,hearing_date
impounding,application_receipt_date
impounding,outcome_sent_date
impounding,presiding_tc_id
impounding,outcome
impounding,notes
impounding,close_date
impounding,venue_id
impounding,venue_other
impounding,vrm
impounding,created_by
impounding,last_modified_by
impounding,created_on
impounding,last_modified_on
impounding,version
impounding_legislation_type,impounding_id
impounding_legislation_type,impounding_legislation_type_id
inspection_email,id
inspection_email,subject
inspection_email,message_body
inspection_email,email_status
inspection_email,processed
inspection_email,inspection_request_id
inspection_email,sender_email_address
inspection_email,received_date
inspection_email,version
inspection_request,id
inspection_request,licence_id
inspection_request,application_id
inspection_request,operating_centre_id
inspection_request,requestor_user_id
inspection_request,task_id
inspection_request,case_id
inspection_request,request_type
inspection_request,result_type
inspection_request,requestor_notes
inspection_request,inspector_notes
inspection_request,due_date
inspection_request,from_date
inspection_request,to_date
inspection_request,request_date
inspection_request,return_date
inspection_request,deferred_date
inspection_request,inspector_name
inspection_request,report_type
inspection_request,trailers_examined_no
inspection_request,vehicles_examined_no
inspection_request,created_by
inspection_request,last_modified_by
inspection_request,created_on
inspection_request,last_modified_on
inspection_request,version
inspection_request,olbs_key
irfo_country,id
irfo_country,description
irfo_country,created_by
irfo_country,last_modified_by
irfo_country,created_on
irfo_country,last_modified_on
irfo_country,version
irfo_gv_permit,id
irfo_gv_permit,organisation_id
irfo_gv_permit,irfo_gv_permit_type_id
irfo_gv_permit,irfo_fee_id
irfo_gv_permit,irfo_permit_status
irfo_gv_permit,exemption_details
irfo_gv_permit,expiry_date
irfo_gv_permit,is_fee_exempt
irfo_gv_permit,in_force_date
irfo_gv_permit,no_of_copies
irfo_gv_permit,note
irfo_gv_permit,permit_printed
irfo_gv_permit,year_required
irfo_gv_permit,withdrawn_reason
irfo_gv_permit,created_by
irfo_gv_permit,last_modified_by
irfo_gv_permit,created_on
irfo_gv_permit,last_modified_on
irfo_gv_permit,version
irfo_gv_permit_type,id
irfo_gv_permit_type,irfo_fee_type
irfo_gv_permit_type,description
irfo_gv_permit_type,irfo_country_id
irfo_gv_permit_type,display_until
irfo_gv_permit_type,created_by
irfo_gv_permit_type,last_modified_by
irfo_gv_permit_type,created_on
irfo_gv_permit_type,last_modified_on
irfo_gv_permit_type,version
irfo_partner,id
irfo_partner,organisation_id
irfo_partner,name
irfo_partner,created_by
irfo_partner,last_modified_by
irfo_partner,created_on
irfo_partner,last_modified_on
irfo_partner,version
irfo_partner,olbs_key
irfo_permit_stock,id
irfo_permit_stock,irfo_gv_permit_id
irfo_permit_stock,serial_no
irfo_permit_stock,irfo_country_id
irfo_permit_stock,valid_for_year
irfo_permit_stock,status
irfo_permit_stock,void_return_date
irfo_permit_stock,created_by
irfo_permit_stock,last_modified_by
irfo_permit_stock,created_on
irfo_permit_stock,last_modified_on
irfo_permit_stock,version
irfo_permit_stock,olbs_key
irfo_psv_auth,id
irfo_psv_auth,organisation_id
irfo_psv_auth,irfo_psv_auth_type_id
irfo_psv_auth,status
irfo_psv_auth,exemption_details
irfo_psv_auth,expiry_date
irfo_psv_auth,is_fee_exempt_application
irfo_psv_auth,is_fee_exempt_annual
irfo_psv_auth,in_force_date
irfo_psv_auth,irfo_fee_id
irfo_psv_auth,irfo_file_no
irfo_psv_auth,copies_issued
irfo_psv_auth,copies_required
irfo_psv_auth,copies_required_total
irfo_psv_auth,copies_issued_total
irfo_psv_auth,journey_frequency
irfo_psv_auth,last_date_copies_req
irfo_psv_auth,renewal_date
irfo_psv_auth,service_route_from
irfo_psv_auth,service_route_to
irfo_psv_auth,validity_period
irfo_psv_auth,application_sent_date
irfo_psv_auth,withdrawn_reason
irfo_psv_auth,created_by
irfo_psv_auth,last_modified_by
irfo_psv_auth,created_on
irfo_psv_auth,last_modified_on
irfo_psv_auth,version
irfo_psv_auth_country,irfo_psv_auth_id
irfo_psv_auth_country,country_id
irfo_psv_auth_number,id
irfo_psv_auth_number,irfo_psv_auth_id
irfo_psv_auth_number,name
irfo_psv_auth_number,created_by
irfo_psv_auth_number,last_modified_by
irfo_psv_auth_number,created_on
irfo_psv_auth_number,last_modified_on
irfo_psv_auth_number,deleted_date
irfo_psv_auth_number,version
irfo_psv_auth_type,id
irfo_psv_auth_type,irfo_fee_type
irfo_psv_auth_type,description
irfo_psv_auth_type,section_code
irfo_psv_auth_type,created_by
irfo_psv_auth_type,last_modified_by
irfo_psv_auth_type,created_on
irfo_psv_auth_type,last_modified_on
irfo_psv_auth_type,version
irfo_vehicle,id
irfo_vehicle,coc_a
irfo_vehicle,coc_b
irfo_vehicle,coc_c
irfo_vehicle,coc_d
irfo_vehicle,coc_t
irfo_vehicle,vrm
irfo_vehicle,irfo_gv_permit_id
irfo_vehicle,created_by
irfo_vehicle,last_modified_by
irfo_vehicle,created_on
irfo_vehicle,last_modified_on
irfo_vehicle,version
irfo_vehicle,olbs_key
message_failures,id
message_failures,queue_type
message_failures,organisation_id
message_failures,created_on
legacy_case_action,id
legacy_case_action,description
legacy_case_action,is_driver
legacy_offence,id
legacy_offence,case_id
legacy_offence,definition
legacy_offence,is_trailer
legacy_offence,notes
legacy_offence,num_of_offences
legacy_offence,offence_authority
legacy_offence,offence_date
legacy_offence,offence_to_date
legacy_offence,offender_name
legacy_offence,points
legacy_offence,position
legacy_offence,offence_type
legacy_offence,vrm
legacy_offence,created_by
legacy_offence,last_modified_by
legacy_offence,created_on
legacy_offence,last_modified_on
legacy_offence,version
legacy_pi_reason,id
legacy_pi_reason,goods_or_psv
legacy_pi_reason,section_code
legacy_pi_reason,description
legacy_pi_reason,is_read_only
legacy_pi_reason,is_ni
legacy_pi_reason,is_decision
legacy_pi_reason,created_by
legacy_pi_reason,last_modified_by
legacy_pi_reason,created_on
legacy_pi_reason,last_modified_on
legacy_pi_reason,version
legacy_recommendation,id
legacy_recommendation,case_id
legacy_recommendation,action_id
legacy_recommendation,from_user_id
legacy_recommendation,to_user_id
legacy_recommendation,rec_date
legacy_recommendation,pi_reason
legacy_recommendation,comment
legacy_recommendation,effective_date
legacy_recommendation,notes
legacy_recommendation,pi_decision
legacy_recommendation,request
legacy_recommendation,revoke_lic
legacy_recommendation,status
legacy_recommendation,total_points
legacy_recommendation,created_by
legacy_recommendation,last_modified_by
legacy_recommendation,created_on
legacy_recommendation,last_modified_on
legacy_recommendation,version
legacy_recommendation_pi_reason,id
legacy_recommendation_pi_reason,comment
legacy_recommendation_pi_reason,legacy_recommendation_id
legacy_recommendation_pi_reason,legacy_pi_reason_id
legacy_recommendation_pi_reason,created_by
legacy_recommendation_pi_reason,last_modified_by
legacy_recommendation_pi_reason,created_on
legacy_recommendation_pi_reason,last_modified_on
legacy_recommendation_pi_reason,version
licence,id
licence,enforcement_area_id
licence,organisation_id
licence,traffic_area_id
licence,correspondence_cd_id
licence,establishment_cd_id
licence,transport_consultant_cd_id
licence,lic_no
licence,goods_or_psv
licence,lgv_declaration_confirmation
licence,vehicle_type
licence,licence_type
licence,status
licence,vi_action
licence,opt_out_tm_letter
licence,tot_auth_trailers
licence,tot_auth_vehicles
licence,tot_auth_hgv_vehicles
licence,tot_auth_lgv_vehicles
licence,tot_community_licences
licence,trailers_in_possession
licence,fabs_reference
licence,expiry_date
licence,granted_date
licence,review_date
licence,fee_date
licence,in_force_date
licence,surrendered_date
licence,revoked_date
licence,curtailed_date
licence,suspended_date
licence,cns_date
licence,safety_ins_trailers
licence,safety_ins_vehicles
licence,safety_ins
licence,safety_ins_varies
licence,tachograph_ins
licence,tachograph_ins_name
licence,psv_discs_to_be_printed_no
licence,translate_to_welsh
licence,is_maintenance_suitable
licence,deleted_date
licence,created_by
licence,last_modified_by
licence,created_on
licence,last_modified_on
licence,version
licence,olbs_key
licence_no_gen,id
licence_no_gen,licence_id
licence_operating_centre,id
licence_operating_centre,licence_id
licence_operating_centre,operating_centre_id
licence_operating_centre,ad_placed
licence_operating_centre,ad_placed_in
licence_operating_centre,ad_placed_date
licence_operating_centre,permission
licence_operating_centre,no_of_trailers_required
licence_operating_centre,no_of_vehicles_required
licence_operating_centre,no_of_vehicles_possessed
licence_operating_centre,no_of_trailers_possessed
licence_operating_centre,vi_action
licence_operating_centre,deleted_date
licence_operating_centre,is_interim
licence_operating_centre,publication_appropriate
licence_operating_centre,s4_id
licence_operating_centre,created_by
licence_operating_centre,last_modified_by
licence_operating_centre,created_on
licence_operating_centre,last_modified_on
licence_operating_centre,version
licence_operating_centre,olbs_key
licence_read_audit,id
licence_read_audit,licence_id
licence_read_audit,user_id
licence_read_audit,created_on
licence_status_decision,licence_id
licence_status_decision,decision_id
licence_status_rule,id
licence_status_rule,licence_id
licence_status_rule,licence_status
licence_status_rule,start_date
licence_status_rule,end_date
licence_status_rule,start_processed_date
licence_status_rule,end_processed_date
licence_status_rule,deleted_date
licence_status_rule,created_by
licence_status_rule,last_modified_by
licence_status_rule,created_on
licence_status_rule,last_modified_on
licence_status_rule,version
licence_status_rule,olbs_key
licence_vehicle,id
licence_vehicle,licence_id
licence_vehicle,vehicle_id
licence_vehicle,application_id
licence_vehicle,interim_application_id
licence_vehicle,received_date
licence_vehicle,deleted_date
licence_vehicle,removal_date
licence_vehicle,removal_letter_seed_date
licence_vehicle,vi_action
licence_vehicle,warning_letter_seed_date
licence_vehicle,warning_letter_sent_date
licence_vehicle,specified_date
licence_vehicle,created_by
licence_vehicle,last_modified_by
licence_vehicle,created_on
licence_vehicle,last_modified_on
licence_vehicle,version
licence_vehicle,olbs_key
local_authority,id
local_authority,description
local_authority,email_address
local_authority,txc_name
local_authority,naptan_code
local_authority,traffic_area_id
local_authority,created_by
local_authority,last_modified_by
local_authority,created_on
local_authority,last_modified_on
local_authority,version
log_update,id
log_update,datetime
log_update,message
log_update,expected_row_count
log_update,actual_row_count
log_update,status
note,id
note,comment
note,priority
note,note_type
note,application_id
note,licence_id
note,case_id
note,bus_reg_id
note,transport_manager_id
note,organisation_id
note,irhp_application_id
note,deleted_date
note,created_by
note,last_modified_by
note,created_on
note,last_modified_on
note,version
note,olbs_key
note,olbs_type
oc_complaint,complaint_id
oc_complaint,operating_centre_id
oc_complaint,olbs_key
operating_centre,id
operating_centre,address_id
operating_centre,created_by
operating_centre,last_modified_by
operating_centre,created_on
operating_centre,last_modified_on
operating_centre,version
operating_centre,olbs_key
operating_centre_opposition,opposition_id
operating_centre_opposition,operating_centre_id
operating_centre_opposition,olbs_oc_id
operating_centre_opposition,olbs_opp_id
operating_centre_opposition,olbs_type
opposer,id
opposer,contact_details_id
opposer,opposer_type
opposer,created_by
opposer,last_modified_by
opposer,created_on
opposer,last_modified_on
opposer,version
opposer,olbs_key
opposer,olbs_type
opposition,id
opposition,case_id
opposition,opposer_id
opposition,opposition_type
opposition,status
opposition,notes
opposition,is_copied
opposition,raised_date
opposition,is_in_time
opposition,deleted_date
opposition,is_withdrawn
opposition,is_valid
opposition,valid_notes
opposition,is_willing_to_attend_pi
opposition,created_by
opposition,last_modified_by
opposition,created_on
opposition,last_modified_on
opposition,version
opposition,olbs_key
opposition,olbs_type
opposition_grounds,opposition_id
opposition_grounds,ground_id
opposition_grounds,olbs_key
organisation,id
organisation,company_or_llp_no
organisation,name
organisation,contact_details_id
organisation,irfo_contact_details_id
organisation,type
organisation,company_cert_seen
organisation,irfo_nationality
organisation,is_irfo
organisation,allow_email
organisation,lead_tc_area_id
organisation,confirm_share_vehicle_info
organisation,confirm_share_trailer_info
organisation,is_unlicensed
organisation,deleted_date
organisation,cpid
organisation,nature_of_business
organisation,created_by
organisation,last_modified_by
organisation,last_modified_on
organisation,created_on
organisation,version
organisation_person,id
organisation_person,person_id
organisation_person,organisation_id
organisation_person,deleted_date
organisation_person,position
organisation_person,created_by
organisation_person,last_modified_by
organisation_person,created_on
organisation_person,last_modified_on
organisation_person,version
organisation_person,olbs_key
organisation_read_audit,id
organisation_read_audit,organisation_id
organisation_read_audit,user_id
organisation_read_audit,created_on
organisation_type,id
organisation_type,org_type_id
organisation_type,org_person_type_id
organisation_user,id
organisation_user,organisation_id
organisation_user,user_id
organisation_user,is_administrator
organisation_user,sftp_access
organisation_user,created_by
organisation_user,last_modified_by
organisation_user,created_on
organisation_user,last_modified_on
organisation_user,version
other_licence,id
other_licence,application_id
other_licence,transport_manager_id
other_licence,transport_manager_licence_id
other_licence,transport_manager_application_id
other_licence,role
other_licence,lic_no
other_licence,holder_name
other_licence,purchase_date
other_licence,will_surrender
other_licence,disqualification_date
other_licence,disqualification_length
other_licence,previous_licence_type
other_licence,additional_information
other_licence,operating_centres
other_licence,total_auth_vehicles
other_licence,hours_per_week
other_licence,deleted_date
other_licence,created_by
other_licence,last_modified_by
other_licence,created_on
other_licence,last_modified_on
other_licence,version
permission,id
permission,code
permission,name
permission,created_by
permission,last_modified_by
permission,created_on
permission,last_modified_on
permission,version
person,id
person,forename
person,family_name
person,birth_date
person,birth_place
person,other_name
person,title
person,deleted_date
person,created_by
person,last_modified_by
person,created_on
person,last_modified_on
person,version
person,olbs_key
person,olbs_type
phone_contact,id
phone_contact,phone_contact_type
phone_contact,phone_number
phone_contact,details
phone_contact,contact_details_id
phone_contact,created_by
phone_contact,last_modified_by
phone_contact,created_on
phone_contact,last_modified_on
phone_contact,version
phone_contact,olbs_key
phone_contact,olbs_type
pi,id
pi,case_id
pi,assigned_to
pi,agreed_by_tc_id
pi,decided_by_tc_id
pi,agreed_by_tc_role
pi,decided_by_tc_role
pi,agreed_date
pi,tm_called_with_operator
pi,witnesses
pi,is_cancelled
pi,pi_status
pi,decision_date
pi,licence_revoked_at_pi
pi,licence_curtailed_at_pi
pi,licence_suspended_at_pi
pi,notification_date
pi,decision_notes
pi,deleted_date
pi,comment
pi,call_up_letter_date
pi,brief_to_tc_date
pi,written_outcome
pi,written_reason_date
pi,decision_letter_sent_date
pi,tc_written_reason_date
pi,tc_written_decision_date
pi,written_reason_letter_date
pi,written_decision_letter_date
pi,closed_date
pi,created_by
pi,last_modified_by
pi,created_on
pi,last_modified_on
pi,version
pi,olbs_key
pi,olbs_type
pi_decision,pi_id
pi_decision,decision_id
pi_definition,id
pi_definition,pi_definition_category
pi_definition,section_code
pi_definition,description
pi_definition,is_ni
pi_definition,goods_or_psv
pi_definition,created_by
pi_definition,last_modified_by
pi_definition,created_on
pi_definition,last_modified_on
pi_definition,version
pi_hearing,id
pi_hearing,pi_id
pi_hearing,hearing_date
pi_hearing,is_full_day
pi_hearing,presiding_tc_id
pi_hearing,presiding_tc_other
pi_hearing,presided_by_role
pi_hearing,venue_other
pi_hearing,venue_id
pi_hearing,witnesses
pi_hearing,drivers
pi_hearing,is_cancelled
pi_hearing,cancelled_reason
pi_hearing,cancelled_date
pi_hearing,is_adjourned
pi_hearing,adjourned_date
pi_hearing,adjourned_reason
pi_hearing,details
pi_hearing,created_by
pi_hearing,last_modified_by
pi_hearing,created_on
pi_hearing,last_modified_on
pi_hearing,version
pi_hearing,olbs_key
pi_hearing,olbs_type
pi_reason,pi_id
pi_reason,reason_id
pi_tm_decision,pi_id
pi_tm_decision,tm_decision_id
pi_type,pi_id
pi_type,pi_type_id
pi,is_ecms_case
pi,ecms_first_received_date
pi,assigned_caseworker
postcode_enforcement_area,id
postcode_enforcement_area,enforcement_area_id
postcode_enforcement_area,postcode_id
postcode_enforcement_area,created_by
postcode_enforcement_area,last_modified_by
postcode_enforcement_area,created_on
postcode_enforcement_area,last_modified_on
postcode_enforcement_area,version
presiding_tc,id
presiding_tc,name
presiding_tc,user_id
presiding_tc,deleted_date
previous_conviction,id
previous_conviction,application_id
previous_conviction,transport_manager_id
previous_conviction,conviction_date
previous_conviction,title
previous_conviction,forename
previous_conviction,family_name
previous_conviction,birth_date
previous_conviction,category_text
previous_conviction,notes
previous_conviction,court_fpn
previous_conviction,penalty
previous_conviction,deleted_date
previous_conviction,created_by
previous_conviction,last_modified_by
previous_conviction,created_on
previous_conviction,last_modified_on
previous_conviction,version
printer,id
printer,printer_tray
printer,printer_name
printer,description
private_hire_licence,id
private_hire_licence,licence_id
private_hire_licence,private_hire_licence_no
private_hire_licence,contact_details_id
private_hire_licence,deleted_date
private_hire_licence,created_by
private_hire_licence,last_modified_by
private_hire_licence,created_on
private_hire_licence,last_modified_on
private_hire_licence,version
private_hire_licence,olbs_key
prohibition,id
prohibition,case_id
prohibition,prohibition_date
prohibition,cleared_date
prohibition,is_trailer
prohibition,prohibition_type
prohibition,vrm
prohibition,imposed_at
prohibition,deleted_date
prohibition,created_by
prohibition,last_modified_by
prohibition,created_on
prohibition,last_modified_on
prohibition,version
prohibition,olbs_key
prohibition_defect,id
prohibition_defect,prohibition_id
prohibition_defect,notes
prohibition_defect,defect_type
prohibition_defect,created_by
prohibition_defect,last_modified_by
prohibition_defect,created_on
prohibition_defect,last_modified_on
prohibition_defect,version
prohibition_defect,olbs_key
propose_to_revoke,id
propose_to_revoke,case_id
propose_to_revoke,presiding_tc_id
propose_to_revoke,ptr_agreed_date
propose_to_revoke,assigned_caseworker
propose_to_revoke,closed_date
propose_to_revoke,comment
propose_to_revoke,created_by
propose_to_revoke,last_modified_by
propose_to_revoke,created_on
propose_to_revoke,last_modified_on
propose_to_revoke,version
propose_to_revoke,is_submission_required_for_approval
propose_to_revoke,approval_submission_issued_date
propose_to_revoke,approval_submission_returned_date
propose_to_revoke,approval_submission_presiding_tc
propose_to_revoke,ior_letter_issued_date
propose_to_revoke,operator_response_due_date
propose_to_revoke,operator_response_received_date
propose_to_revoke,is_submission_required_for_action
propose_to_revoke,final_submission_issued_date
propose_to_revoke,final_submission_returned_date
propose_to_revoke,final_submission_presiding_tc
propose_to_revoke,action_to_be_taken
propose_to_revoke,revocation_letter_issued_date
propose_to_revoke,nfa_letter_issued_date
propose_to_revoke,warning_letter_issued_date
propose_to_revoke,pi_agreed_date
propose_to_revoke,other_action_agreed_date
psv_disc,id
psv_disc,licence_id
psv_disc,disc_no
psv_disc,issued_date
psv_disc,ceased_date
psv_disc,is_copy
psv_disc,reprint_required
psv_disc,is_printing
psv_disc,created_by
psv_disc,last_modified_by
psv_disc,created_on
psv_disc,last_modified_on
psv_disc,version
psv_disc,olbs_key
ptr_reason,propose_to_revoke_id
ptr_reason,reason_id
publication,id
publication,publication_no
publication,traffic_area_id
publication,document_id
publication,police_document_id
publication,doc_template_id
publication,pub_status
publication,pub_type
publication,pub_date
publication,doc_name
publication,created_by
publication,last_modified_by
publication,created_on
publication,last_modified_on
publication,version
publication_link,id
publication_link,publication_id
publication_link,publish_after_date
publication_link,traffic_area_id
publication_link,transport_manager_id
publication_link,licence_id
publication_link,application_id
publication_link,pi_id
publication_link,bus_reg_id
publication_link,impounding_id
publication_link,text1
publication_link,text2
publication_link,text3
publication_link,publication_section_id
publication_link,orig_pub_date
publication_link,deleted_date
publication_link,created_by
publication_link,last_modified_by
publication_link,created_on
publication_link,last_modified_on
publication_link,version
publication_link,olbs_key
publication_link,olbs_type
publication_police_data,id
publication_police_data,publication_link_id
publication_police_data,person_id
publication_police_data,forename
publication_police_data,family_name
publication_police_data,birth_date
publication_police_data,olbs_dob
publication_police_data,created_by
publication_police_data,last_modified_by
publication_police_data,created_on
publication_police_data,last_modified_on
publication_police_data,version
publication_police_data,olbs_key
publication_section,id
publication_section,description
publication_section,ad_section
publication_section,np_section
publication_section,created_by
publication_section,last_modified_by
publication_section,created_on
publication_section,last_modified_on
publication_section,version
public_holiday,id
public_holiday,public_holiday_date
public_holiday,is_england
public_holiday,is_wales
public_holiday,is_scotland
public_holiday,is_ni
public_holiday,created_by
public_holiday,last_modified_by
public_holiday,created_on
public_holiday,last_modified_on
public_holiday,version
queue,id
queue,type
queue,status
queue,entity_id
queue,options
queue,process_after_date
queue,attempts
queue,last_error
queue,deleted_date
queue,created_by
queue,last_modified_by
queue,created_on
queue,last_modified_on
queue,version
reason,id
reason,goods_or_psv
reason,section_code
reason,description
reason,is_read_only
reason,is_ni
reason,is_propose_to_revoke
reason,deleted_date
reason,created_by
reason,last_modified_by
reason,created_on
reason,last_modified_on
reason,version
recipient,id
recipient,send_app_decision
recipient,send_notices_procs
recipient,is_police
recipient,is_objector
recipient,contact_name
recipient,email_address
recipient,deleted_date
recipient,created_by
recipient,last_modified_by
recipient,created_on
recipient,last_modified_on
recipient,version
recipient,olbs_key
recipient_traffic_area,recipient_id
recipient_traffic_area,traffic_area_id
ref_data,id
ref_data,description
ref_data,ref_data_category_id
ref_data,olbs_key
ref_data,parent_id
ref_data,display_order
ref_data,version
role,id
role,role
role,description
role,created_by
role,last_modified_by
role,created_on
role,last_modified_on
role,version
role_permission,id
role_permission,role_id
role_permission,permission_id
role_permission,created_by
role_permission,last_modified_by
role_permission,created_on
role_permission,last_modified_on
role_permission,version
s4,id
s4,application_id
s4,licence_id
s4,outcome
s4,agreed_date
s4,received_date
s4,surrender_licence
s4,is_true_s4
s4,created_by
s4,last_modified_by
s4,created_on
s4,last_modified_on
s4,version
scan,id
scan,application_id
scan,bus_reg_id
scan,licence_id
scan,case_id
scan,transport_manager_id
scan,irfo_organisation_id
scan,irhp_application_id
scan,sub_category_id
scan,category_id
scan,description
scan,date_received
scan,created_by
scan,last_modified_by
scan,created_on
scan,last_modified_on
scan,version
serious_infringement,id
serious_infringement,case_id
serious_infringement,notification_number
serious_infringement,check_date
serious_infringement,infringement_date
serious_infringement,member_state_code
serious_infringement,reason
serious_infringement,deleted_date
serious_infringement,si_category_id
serious_infringement,si_category_type_id
serious_infringement,created_by
serious_infringement,last_modified_by
serious_infringement,created_on
serious_infringement,last_modified_on
serious_infringement,version
serious_infringement,olbs_key
serious_infringement,olbs_type
si_category,id
si_category,description
si_category,deleted_date
si_category,created_by
si_category,last_modified_by
si_category,created_on
si_category,last_modified_on
si_category,version
si_category_type,id
si_category_type,description
si_category_type,deleted_date
si_category_type,si_category_id
si_category_type,created_by
si_category_type,last_modified_by
si_category_type,created_on
si_category_type,last_modified_on
si_category_type,version
si_penalty,id
si_penalty,serious_infringement_id
si_penalty,imposed
si_penalty,start_date
si_penalty,end_date
si_penalty,reason_not_imposed
si_penalty,deleted_date
si_penalty,si_penalty_type_id
si_penalty,created_by
si_penalty,last_modified_by
si_penalty,created_on
si_penalty,last_modified_on
si_penalty,version
si_penalty,olbs_key
si_penalty_erru_imposed,id
si_penalty_erru_imposed,final_decision_date
si_penalty_erru_imposed,start_date
si_penalty_erru_imposed,end_date
si_penalty_erru_imposed,deleted_date
si_penalty_erru_imposed,serious_infringement_id
si_penalty_erru_imposed,si_penalty_imposed_type_id
si_penalty_erru_imposed,executed
si_penalty_erru_imposed,created_by
si_penalty_erru_imposed,last_modified_by
si_penalty_erru_imposed,created_on
si_penalty_erru_imposed,last_modified_on
si_penalty_erru_imposed,version
si_penalty_erru_imposed,olbs_key
si_penalty_erru_requested,id
si_penalty_erru_requested,duration
si_penalty_erru_requested,deleted_date
si_penalty_erru_requested,serious_infringement_id
si_penalty_erru_requested,si_penalty_requested_type_id
si_penalty_erru_requested,created_by
si_penalty_erru_requested,last_modified_by
si_penalty_erru_requested,created_on
si_penalty_erru_requested,last_modified_on
si_penalty_erru_requested,version
si_penalty_erru_requested,olbs_key
si_penalty_imposed_type,id
si_penalty_imposed_type,description
si_penalty_imposed_type,deleted_date
si_penalty_imposed_type,created_by
si_penalty_imposed_type,last_modified_by
si_penalty_imposed_type,created_on
si_penalty_imposed_type,last_modified_on
si_penalty_imposed_type,version
si_penalty_requested_type,id
si_penalty_requested_type,description
si_penalty_requested_type,deleted_date
si_penalty_requested_type,created_by
si_penalty_requested_type,last_modified_by
si_penalty_requested_type,created_on
si_penalty_requested_type,last_modified_on
si_penalty_requested_type,version
si_penalty_type,id
si_penalty_type,description
si_penalty_type,deleted_date
si_penalty_type,created_by
si_penalty_type,last_modified_by
si_penalty_type,created_on
si_penalty_type,last_modified_on
si_penalty_type,version
sla,id
sla,category
sla,field
sla,compare_to
sla,days
sla,effective_from
sla,effective_to
sla,public_holiday
sla,weekend
sla_target_date,id
sla_target_date,document_id
sla_target_date,pi_id
sla_target_date,submission_id
sla_target_date,propose_to_revoke_id
sla_target_date,statement_id
sla_target_date,sla_id
sla_target_date,agreed_date
sla_target_date,target_date
sla_target_date,sent_date
sla_target_date,under_delegation
sla_target_date,notes
sla_target_date,created_by
sla_target_date,last_modified_by
sla_target_date,created_on
sla_target_date,last_modified_on
sla_target_date,version
sla_target_date,deleted_date
statement,id
statement,case_id
statement,statement_type
statement,assigned_caseworker
statement,vrm
statement,stopped_date
statement,requested_date
statement,authorisers_decision
statement,contact_type
statement,issued_date
statement,licence_no
statement,licence_type
statement,requestors_body
statement,requestors_contact_details_id
statement,created_by
statement,last_modified_by
statement,created_on
statement,last_modified_on
statement,deleted_date
statement,version
statement,olbs_key
stay,id
stay,case_id
stay,request_date
stay,withdrawn_date
stay,decision_date
stay,outcome
stay,notes
stay,stay_type
stay,dvsa_notified
stay,created_by
stay,last_modified_by
stay,created_on
stay,last_modified_on
stay,version
submission,id
submission,case_id
submission,submission_type
submission,data_snapshot
submission,urgent
submission,sender_user_id
submission,recipient_user_id
submission,assigned_date
submission,tc_sla_started
submission,information_complete_date
submission,closed_date
submission,deleted_date
submission,created_by
submission,last_modified_by
submission,created_on
submission,last_modified_on
submission,version
submission_action,id
submission_action,is_decision
submission_action,comment
submission_action,submission_id
submission_action,created_by
submission_action,last_modified_by
submission_action,created_on
submission_action,last_modified_on
submission_action,version
submission_action_reason,submission_action_id
submission_action_reason,reason_id
submission_action_type,submission_action_id
submission_action_type,action_type
submission_section_comment,id
submission_section_comment,comment
submission_section_comment,submission_id
submission_section_comment,submission_section
submission_section_comment,created_by
submission_section_comment,last_modified_by
submission_section_comment,created_on
submission_section_comment,last_modified_on
submission_section_comment,version
sub_category,id
sub_category,category_id
sub_category,sub_category_name
sub_category,is_scan
sub_category,is_doc
sub_category,is_task
sub_category,is_free_text
sub_category,created_by
sub_category,last_modified_by
sub_category,created_on
sub_category,last_modified_on
sub_category,version
sub_category_description,id
sub_category_description,sub_category_id
sub_category_description,description
surrender,id
surrender,licence_id
surrender,status
surrender,disc_destroyed
surrender,disc_lost
surrender,disc_stolen
surrender,disc_lost_info
surrender,disc_stolen_info
surrender,licence_document_status
surrender,licence_document_info
surrender,community_licence_document_status
surrender,community_licence_document_info
surrender,digital_signature_id
surrender,signature_checked
surrender,ecms_checked
surrender,created_by
surrender,last_modified_by
surrender,created_on
surrender,last_modified_on
surrender,deleted_date
surrender,version
system_info_message,id
system_info_message,is_internal
system_info_message,start_date
system_info_message,end_date
system_info_message,deleted_date
system_info_message,description
system_info_message,importance
system_info_message,created_by
system_info_message,last_modified_by
system_info_message,created_on
system_info_message,last_modified_on
system_info_message,version
system_parameter,id
system_parameter,param_value
system_parameter,description
task,id
task,category_id
task,sub_category_id
task,assigned_to_user_id
task,assigned_to_team_id
task,assigned_by_user_id
task,is_closed
task,case_id
task,licence_id
task,application_id
task,bus_reg_id
task,transport_manager_id
task,surrender_id
task,description
task,action_date
task,irfo_organisation_id
task,submission_id
task,urgent
task,messaging
task,created_by
task,last_modified_by
task,created_on
task,last_modified_on
task,version
task,olbs_key
task_allocation_rule,id
task_allocation_rule,category_id
task_allocation_rule,team_id
task_allocation_rule,user_id
task_allocation_rule,goods_or_psv
task_allocation_rule,is_mlh
task_allocation_rule,traffic_area_id
task_allocation_rule,created_by
task_allocation_rule,last_modified_by
task_allocation_rule,created_on
task_allocation_rule,last_modified_on
task_allocation_rule,version
task_alpha_split,id
task_alpha_split,task_allocation_rule_id
task_alpha_split,user_id
task_alpha_split,letters
task_alpha_split,created_by
task_alpha_split,last_modified_by
task_alpha_split,created_on
task_alpha_split,last_modified_on
task_alpha_split,version
team,id
team,traffic_area_id
team,description
team,name
team,deleted_date
team,created_by
team,last_modified_by
team,created_on
team,last_modified_on
team,version
team,olbs_key
team_printer,id
team_printer,team_id
team_printer,printer_id
team_printer,sub_category_id
team_printer,user_id
team_printer,deleted_date
team_printer,version
tm_case_decision,id
tm_case_decision,case_id
tm_case_decision,decision_date
tm_case_decision,notified_date
tm_case_decision,deleted_date
tm_case_decision,decision
tm_case_decision,is_msi
tm_case_decision,repute_not_lost_reason
tm_case_decision,unfitness_start_date
tm_case_decision,unfitness_end_date
tm_case_decision,no_further_action_reason
tm_case_decision,created_by
tm_case_decision,last_modified_by
tm_case_decision,created_on
tm_case_decision,last_modified_on
tm_case_decision,version
tm_case_decision,olbs_key
tm_case_decision_rehab,tm_case_decision_id
tm_case_decision_rehab,rehab_measure_id
tm_case_decision_rehab,olbs_key
tm_case_decision_unfitness,tm_case_decision_id
tm_case_decision_unfitness,unfitness_reason_id
tm_case_decision_unfitness,olbs_key
tm_employment,id
tm_employment,transport_manager_id
tm_employment,contact_details_id
tm_employment,position
tm_employment,employer_name
tm_employment,hours_per_week
tm_employment,deleted_date
tm_employment,created_by
tm_employment,last_modified_by
tm_employment,created_on
tm_employment,last_modified_on
tm_employment,version
tm_qualification,id
tm_qualification,transport_manager_id
tm_qualification,country_code
tm_qualification,qualification_type
tm_qualification,issued_date
tm_qualification,deleted_date
tm_qualification,serial_no
tm_qualification,created_by
tm_qualification,last_modified_by
tm_qualification,created_on
tm_qualification,last_modified_on
tm_qualification,version
tm_qualification,olbs_key
trading_name,id
trading_name,name
trading_name,licence_id
trading_name,organisation_id
trading_name,deleted_date
trading_name,vi_action
trading_name,created_by
trading_name,last_modified_by
trading_name,created_on
trading_name,last_modified_on
trading_name,version
trading_name,olbs_key
traffic_area,id
traffic_area,name
traffic_area,txc_name
traffic_area,contact_details_id
traffic_area,is_scotland
traffic_area,is_wales
traffic_area,is_ni
traffic_area,is_england
traffic_area,sales_person_reference
traffic_area,created_by
traffic_area,last_modified_by
traffic_area,created_on
traffic_area,last_modified_on
traffic_area,version
traffic_area_enforcement_area,id
traffic_area_enforcement_area,traffic_area_id
traffic_area_enforcement_area,enforcement_area_id
traffic_area_enforcement_area,created_by
traffic_area_enforcement_area,last_modified_by
traffic_area_enforcement_area,created_on
traffic_area_enforcement_area,last_modified_on
traffic_area_enforcement_area,version
trailer,id
trailer,licence_id
trailer,trailer_no
trailer,is_longer_semi_trailer
trailer,specified_date
trailer,deleted_date
trailer,created_by
trailer,last_modified_by
trailer,created_on
trailer,last_modified_on
trailer,version
trailer,olbs_key
transport_manager,id
transport_manager,tm_status
transport_manager,tm_type
transport_manager,home_cd_id
transport_manager,work_cd_id
transport_manager,disqualification_tm_case_id
transport_manager,removed_date
transport_manager,deleted_date
transport_manager,last_licence_date
transport_manager,nysiis_family_name
transport_manager,nysiis_forename
transport_manager,merge_details
transport_manager,merge_to_transport_manager_id
transport_manager,created_by
transport_manager,last_modified_by
transport_manager,created_on
transport_manager,last_modified_on
transport_manager,version
transport_manager,olbs_key
transport_manager_application,id
transport_manager_application,transport_manager_id
transport_manager_application,application_id
transport_manager_application,tm_type
transport_manager_application,is_owner
transport_manager_application,tm_application_status
transport_manager_application,action
transport_manager_application,tm_digital_signature_id
transport_manager_application,tm_signature_type
transport_manager_application,op_digital_signature_id
transport_manager_application,op_signature_type
transport_manager_application,hours_mon
transport_manager_application,hours_tue
transport_manager_application,hours_wed
transport_manager_application,hours_thu
transport_manager_application,hours_fri
transport_manager_application,hours_sat
transport_manager_application,hours_sun
transport_manager_application,has_other_licences
transport_manager_application,has_other_employment
transport_manager_application,has_convictions
transport_manager_application,has_previous_licences
transport_manager_application,has_undertaken_training
transport_manager_application,declaration_confirmation
transport_manager_application,deleted_date
transport_manager_application,additional_information
transport_manager_application,created_by
transport_manager_application,last_modified_by
transport_manager_application,created_on
transport_manager_application,last_modified_on
transport_manager_application,version
transport_manager_application,olbs_key
transport_manager_licence,id
transport_manager_licence,transport_manager_id
transport_manager_licence,licence_id
transport_manager_licence,tm_type
transport_manager_licence,is_owner
transport_manager_licence,hours_mon
transport_manager_licence,hours_tue
transport_manager_licence,hours_wed
transport_manager_licence,hours_thu
transport_manager_licence,hours_fri
transport_manager_licence,hours_sat
transport_manager_licence,hours_sun
transport_manager_licence,additional_information
transport_manager_licence,deleted_date
transport_manager_licence,last_tm_letter_date
transport_manager_licence,created_by
transport_manager_licence,last_modified_by
transport_manager_licence,created_on
transport_manager_licence,last_modified_on
transport_manager_licence,version
transport_manager_licence,olbs_key
transport_manager_read_audit,id
transport_manager_read_audit,transport_manager_id
transport_manager_read_audit,user_id
transport_manager_read_audit,created_on
txc_inbox,id
txc_inbox,bus_reg_id
txc_inbox,local_authority_id
txc_inbox,organisation_id
txc_inbox,zip_document_id
txc_inbox,route_document_id
txc_inbox,pdf_document_id
txc_inbox,file_read
txc_inbox,variation_no
txc_inbox,created_by
txc_inbox,last_modified_by
txc_inbox,created_on
txc_inbox,last_modified_on
txc_inbox,version
txn,id
txn,legacy_status
txn,legacy_method
txn,legacy_choice
txn,legacy_guid
txn,status
txn,completed_date
txn,reference
txn,cpms_schema
txn,type
txn,payment_method
txn,payer_name
txn,cheque_po_number
txn,cheque_po_date
txn,paying_in_slip_number
txn,comment
txn,waive_recommendation_date
txn,waive_recommender_user_id
txn,processed_by_user_id
txn,receipt_document_id
txn,gateway_url
txn,created_by
txn,last_modified_by
txn,created_on
txn,last_modified_on
txn,version
txn,olbs_key
txn,olbs_type
user,id
user,team_id
user,transport_manager_id
user,local_authority_id
user,contact_details_id
user,partner_contact_details_id
user,pid
user,login_id
user,last_login_at
user,terms_agreed
user,account_disabled
user,disabled_date
user,deleted_date
user,translate_to_welsh
user,created_by
user,last_modified_by
user,created_on
user,last_modified_on
user,version
user_role,user_id
user_role,role_id
user_password_reset,id
user_password_reset,user_id
user_password_reset,confirmation
user_password_reset,valid_to
user_password_reset,success
user_password_reset,deleted_date
user_password_reset,created_by
user_password_reset,last_modified_by
user_password_reset,created_on
user_password_reset,last_modified_on
user_password_reset,version
vehicle,id
vehicle,vrm
vehicle,plated_weight
vehicle,certificate_no
vehicle,vi_action
vehicle,section_26
vehicle,section_26_curtail
vehicle,section_26_revoked
vehicle,section_26_suspend
vehicle,deleted_date
vehicle,make_model
vehicle,created_by
vehicle,last_modified_by
vehicle,created_on
vehicle,last_modified_on
vehicle,version
vehicle,olbs_key
venue,id
venue,name
venue,address_id
venue,traffic_area_id
venue,start_date
venue,end_date
venue,created_by
venue,last_modified_by
venue,created_on
venue,last_modified_on
venue,version
venue,olbs_key
workshop,id
workshop,licence_id
workshop,contact_details_id
workshop,is_external
workshop,maintenance
workshop,safety_inspection
workshop,removed_date
workshop,created_by
workshop,last_modified_by
workshop,created_on
workshop,last_modified_on
workshop,deleted_date
workshop,version
workshop,olbs_key
answer,id
answer,question_text_id
answer,irhp_application_id
answer,irhp_permit_application_id
answer,ans_integer
answer,ans_string
answer,ans_decimal
answer,ans_date
answer,ans_datetime
answer,ans_boolean
answer,ans_text
answer,ans_array
answer,created_by
answer,last_modified_by
answer,created_on
answer,last_modified_on
answer,version
application_path,id
application_path,irhp_permit_type_id
application_path,application_path_group_id
application_path,title
application_path,effective_from
application_path,created_by
application_path,last_modified_by
application_path,created_on
application_path,last_modified_on
application_path,version
application_step,id
application_step,application_path_id
application_step,question_id
application_step,weight
application_step,only_on_yes
application_step,ignore_question_validation
application_step,break_on_failure
application_step,enabled_after_submission
application_step,created_by
application_step,last_modified_by
application_step,created_on
application_step,last_modified_on
application_step,version
application_validation,id
application_validation,question_id
application_validation,application_step_id
application_validation,rule
application_validation,parameters
application_validation,error_translation_key
application_validation,weight
application_validation,created_by
application_validation,last_modified_by
application_validation,created_on
application_validation,last_modified_on
application_validation,version
feature_toggle,id
feature_toggle,friendly_name
feature_toggle,config_name
feature_toggle,status
feature_toggle,created_by
feature_toggle,last_modified_by
feature_toggle,created_on
feature_toggle,last_modified_on
feature_toggle,version
irhp_candidate_permit,id
irhp_candidate_permit,irhp_permit_application_id
irhp_candidate_permit,irhp_permit_range_id
irhp_candidate_permit,requested_emissions_category
irhp_candidate_permit,assigned_emissions_category
irhp_candidate_permit,application_score
irhp_candidate_permit,intensity_of_use
irhp_candidate_permit,random_factor
irhp_candidate_permit,randomized_score
irhp_candidate_permit,successful
irhp_candidate_permit,wanted
irhp_candidate_permit,created_by
irhp_candidate_permit,last_modified_by
irhp_candidate_permit,created_on
irhp_candidate_permit,last_modified_on
irhp_candidate_permit,version
irhp_permit,id
irhp_permit,replaces_id
irhp_permit,irhp_permit_range_id
irhp_permit,irhp_permit_application_id
irhp_permit,irhp_candidate_permit_id
irhp_permit,permit_number
irhp_permit,issue_date
irhp_permit,expiry_date
irhp_permit,status
irhp_permit,permit_properties
irhp_permit,created_by
irhp_permit,last_modified_by
irhp_permit,created_on
irhp_permit,last_modified_on
irhp_permit,version
irhp_permit_application,id
irhp_permit_application,irhp_permit_window_id
irhp_permit_application,licence_id
irhp_permit_application,sectors_id
irhp_permit_application,start_date
irhp_permit_application,checked_answers
irhp_permit_application,status
irhp_permit_application,permits_required
irhp_permit_application,required_euro5
irhp_permit_application,required_euro6
irhp_permit_application,required_standard
irhp_permit_application,required_cabotage
irhp_permit_application,properties
irhp_permit_application,created_by
irhp_permit_application,last_modified_by
irhp_permit_application,created_on
irhp_permit_application,last_modified_on
irhp_permit_application,version
irhp_permit_jurisdiction_quota,id
irhp_permit_jurisdiction_quota,traffic_area_id
irhp_permit_jurisdiction_quota,irhp_permit_stock_id
irhp_permit_jurisdiction_quota,quota_number
irhp_permit_jurisdiction_quota,created_by
irhp_permit_jurisdiction_quota,last_modified_by
irhp_permit_jurisdiction_quota,created_on
irhp_permit_jurisdiction_quota,last_modified_on
irhp_permit_jurisdiction_quota,version
irhp_permit_range,id
irhp_permit_range,irhp_permit_stock_id
irhp_permit_range,emissions_category
irhp_permit_range,journey
irhp_permit_range,prefix
irhp_permit_range,from_no
irhp_permit_range,to_no
irhp_permit_range,cabotage
irhp_permit_range,ss_reserve
irhp_permit_range,lost_replacement
irhp_permit_range,created_by
irhp_permit_range,last_modified_by
irhp_permit_range,created_on
irhp_permit_range,last_modified_on
irhp_permit_range,version
irhp_permit_range_country,irhp_permit_stock_range_id
irhp_permit_range_country,country_id
irhp_permit_sector_quota,id
irhp_permit_sector_quota,sector_id
irhp_permit_sector_quota,irhp_permit_stock_id
irhp_permit_sector_quota,quota_number
irhp_permit_sector_quota,created_by
irhp_permit_sector_quota,last_modified_by
irhp_permit_sector_quota,created_on
irhp_permit_sector_quota,last_modified_on
irhp_permit_sector_quota,version
irhp_permit_stock,id
irhp_permit_stock,irhp_permit_type_id
irhp_permit_stock,application_path_group_id
irhp_permit_stock,business_process
irhp_permit_stock,country_id
irhp_permit_stock,permit_category
irhp_permit_stock,period_name_key
irhp_permit_stock,valid_from
irhp_permit_stock,valid_to
irhp_permit_stock,initial_stock
irhp_permit_stock,status
irhp_permit_stock,hidden_ss
irhp_permit_stock,created_by
irhp_permit_stock,last_modified_by
irhp_permit_stock,created_on
irhp_permit_stock,last_modified_on
irhp_permit_stock,version
irhp_permit_type,id
irhp_permit_type,name
irhp_permit_type,description
irhp_permit_type,created_by
irhp_permit_type,last_modified_by
irhp_permit_type,created_on
irhp_permit_type,last_modified_on
irhp_permit_type,version
irhp_permit_window,id
irhp_permit_window,irhp_permit_stock_id
irhp_permit_window,start_date
irhp_permit_window,end_date
irhp_permit_window,created_by
irhp_permit_window,last_modified_by
irhp_permit_window,created_on
irhp_permit_window,last_modified_on
irhp_permit_window,version
question,id
question,title
question,description
question,question_type
question,form_control_type
question,option_source
question,slug
question,submit_options
question,created_by
question,last_modified_by
question,created_on
question,last_modified_on
question,version
question_text,id
question_text,question_id
question_text,question_short_key
question_text,question_summary_key
question_text,question_key
question_text,effective_from
question_text,warning_key
question_text,details_key
question_text,guidance_key
question_text,additional_guidance_key
question_text,hint_key
question_text,label_key
question_text,created_by
question_text,last_modified_by
question_text,created_on
question_text,last_modified_on
question_text,version
question_text,bullet_list_key
sectors,id
sectors,name
sectors,name_key
sectors,description
sectors,description_key
sectors,deleted_date
sectors,sifting_percentage
sectors,created_by
sectors,last_modified_by
sectors,created_on
sectors,last_modified_on
sectors,version
sectors,display_order
surrender,signature_type
irhp_application,id
irhp_application,licence_id
irhp_application,international_journeys
irhp_application,in_scope
irhp_application,checked_answers
irhp_application,declaration
irhp_application,withdraw_reason
irhp_application,source
irhp_application,status
irhp_application,sectors_id
irhp_application,irhp_permit_type_id
irhp_application,date_received
irhp_application,cancellation_date
irhp_application,withdrawn_date
irhp_application,expiry_date
irhp_application,checked
irhp_application,cor_certificate_number
irhp_application,created_by
irhp_application,last_modified_by
irhp_application,created_on
irhp_application,last_modified_on
irhp_application,version
irhp_application_read_audit,id
irhp_application_read_audit,irhp_application_id
irhp_application_read_audit,user_id
irhp_application_read_audit,created_on
document,irhp_application_id
fee,irhp_application_id
fee,irhp_permit_application_id
task,irhp_application_id
irhp_permit_application,irhp_application_id
template_test_data,id
template_test_data,json
template_test_data,created_by
template_test_data,last_modified_by
template_test_data,created_on
template_test_data,last_modified_on
template_test_data,version
template,id
template,template_test_data_id
template,category_id
template,category_name
template,locale
template,format
template,name
template,description
template,source
template,created_by
template,last_modified_by
template,created_on
template,last_modified_on
template,version
application_path_group,id
application_path_group,name
application_path_group,is_visible_in_internal
application_path_group,created_by
application_path_group,last_modified_by
application_path_group,created_on
application_path_group,last_modified_on
application_path_group,version
irhp_application_country_link,irhp_application_id
irhp_application_country_link,country_id
translation_key,id
translation_key,description
translation_key,translation_key
translation_key,created_by
translation_key,last_modified_by
translation_key,created_on
translation_key,last_modified_on
translation_key,version
language,id
language,name
language,iso_code
language,created_by
language,last_modified_by
language,created_on
language,last_modified_on
language,version
tag,id
tag,tag
tag,created_by
tag,last_modified_by
tag,created_on
tag,last_modified_on
tag,version
translation_key_text,id
translation_key_text,language_id
translation_key_text,translation_key_id
translation_key_text,translated_text
translation_key_text,created_by
translation_key_text,last_modified_by
translation_key_text,created_on
translation_key_text,last_modified_on
translation_key_text,version
irhp_permit_request,id
irhp_permit_request,irhp_application_id
irhp_permit_request,irhp_permit_application_id
irhp_permit_request,permits_required
irhp_permit_request,created_by
irhp_permit_request,last_modified_by
irhp_permit_request,created_on
irhp_permit_request,last_modified_on
irhp_permit_request,version
irhp_permit_request_attribute,irhp_permit_request_id
irhp_permit_request_attribute,irhp_permit_request_attribute_id
irhp_permit_range_attribute,irhp_permit_range_id
irhp_permit_range_attribute,irhp_permit_range_attribute_id
replacement,id
replacement,placeholder
replacement,replacement_text
replacement,created_by
replacement,last_modified_by
replacement,created_on
replacement,last_modified_on
replacement,version
category,is_messaging
messaging_content,id
messaging_content,text
messaging_content,created_by
messaging_content,last_modified_by
messaging_content,created_on
messaging_content,last_modified_on
messaging_content,version
messaging_conversation,id
messaging_conversation,task_id
messaging_conversation,subject
messaging_conversation,is_attachments_enabled
messaging_conversation,last_read_at
messaging_conversation,is_closed
messaging_conversation,is_archived
messaging_conversation,created_by
messaging_conversation,last_modified_by
messaging_conversation,created_on
messaging_conversation,last_modified_on
messaging_conversation,version
messaging_message,id
messaging_message,messaging_conversation_id
messaging_message,messaging_content_id
messaging_message,created_by
messaging_message,last_modified_by
messaging_message,created_on
messaging_message,last_modified_on
messaging_message,version
messaging_user_message_read,id
messaging_user_message_read,user_id
messaging_user_message_read,messaging_message_id
messaging_user_message_read,last_read_on
messaging_user_message_read,created_by
messaging_user_message_read,last_modified_by
messaging_user_message_read,created_on
messaging_user_message_read,last_modified_on
messaging_user_message_read,version
messaging_subject,id
messaging_subject,description
messaging_subject,category_id
messaging_subject,sub_category_id
messaging_subject,created_by
messaging_subject,last_modified_by
messaging_subject,created_on
messaging_subject,last_modified_on
messaging_subject,version
organisation,is_messaging_disabled
organisation,is_messaging_file_upload_enabled
sub_category,is_messaging
task_allocation_rule,sub_category_id
